{"cameraMode":{"drawMode":0,"name":"Shaded","section":"Shading Mode"},"sceneLighting":true,"audioPlay":false,"sceneViewState":{"m_AlwaysRefresh":false,"showFog":true,"showSkybox":true,"showFlares":true,"showImageEffects":true,"showParticleSystems":true,"showVisualEffectGraphs":true,"m_FxEnabled":true},"in2DMode":false,"pivot":{"x":23.825775146484376,"y":7.013690948486328,"z":18.31148910522461},"rotation":{"x":0.4189441204071045,"y":0.00952892191708088,"z":-0.004396623466163874,"w":0.907951831817627},"size":28.660533905029298,"orthographic":false}