{"cameraMode":{"drawMode":0,"name":"Shaded","section":"Shading Mode"},"sceneLighting":true,"audioPlay":false,"sceneViewState":{"m_AlwaysRefresh":false,"showFog":true,"showSkybox":true,"showFlares":true,"showImageEffects":true,"showParticleSystems":true,"showVisualEffectGraphs":true,"m_FxEnabled":true},"in2DMode":false,"pivot":{"x":14.231328964233399,"y":7.722784042358398,"z":1.9869136810302735},"rotation":{"x":0.45663702487945559,"y":-0.017351381480693818,"z":0.008908221498131752,"w":0.8894407153129578},"size":27.058406829833986,"orthographic":false}