{"cameraMode":{"drawMode":0,"name":"Shaded","section":"Shading Mode"},"sceneLighting":true,"audioPlay":false,"sceneViewState":{"m_AlwaysRefresh":false,"showFog":true,"showSkybox":true,"showFlares":true,"showImageEffects":true,"showParticleSystems":true,"showVisualEffectGraphs":true,"m_FxEnabled":true},"in2DMode":false,"pivot":{"x":28.27528953552246,"y":14.262962341308594,"z":10.216493606567383},"rotation":{"x":0.41610631346702578,"y":0.02317858301103115,"z":-0.010610559955239296,"w":0.9089584946632385},"size":27.058406829833986,"orthographic":false}