{"cameraMode":{"drawMode":0,"name":"Shaded","section":"Shading Mode"},"sceneLighting":false,"audioPlay":false,"sceneViewState":{"m_AlwaysRefresh":false,"showFog":true,"showSkybox":false,"showFlares":true,"showImageEffects":true,"showParticleSystems":true,"showVisualEffectGraphs":true,"m_FxEnabled":true},"in2DMode":false,"pivot":{"x":-0.7139642238616943,"y":2.6668078899383547,"z":1.0820460319519044},"rotation":{"x":0.09855133295059204,"y":0.26101434230804446,"z":-0.026797307655215265,"w":0.9599162340164185},"size":4.1575422286987309,"orthographic":false}